,fluxes
ALATA_D2,0.0
SHCHD2,0.00021901185045736213
CPPPGO,0.00021901185045736213
GTHOr,0.026533825846666154
GLYCTO2,0.0
GLYCTO3,0.0
GLYCTO4,0.0
TRPS2,0.07109858328810102
G3PD5,0.0
EX_cellb_e,0.0
EX_chol_e,0.0
LEUTAi,0.0
SHK3Dr,0.36615400234606094
G5SD,0.2571876955274661
ALATA_L2,0.0
APRAUR,0.00043802370091472416
DB4PS,0.0008760474018294483
RBFK,0.00021901185045736203
ACP1_FMN,0.0
RBFSb,0.00043802370091472416
EX_pi_e,-0.9473549104137086
EX_h_e,-1.2254570502300406
DMATT,0.00027302822613070203
GRTT,0.00027302822613070203
UPP3S,0.00043802370091472427
UPPDC1,0.00021901185045736213
EX_ade_e,0.00022097608230002905
EX_4abut_e,0.0
EX_ac_e,0.0
EX_akg_e,0.0
EX_ala__L_e,0.0
EX_asp__L_e,0.0
EX_cytd_e,0.0
EX_dcyt_e,0.0
EX_fum_e,0.0
EX_gua_e,0.0
HCO3E,1.2351457209624344
IMPC,-0.55466893961086
IMPD,0.2388780913140954
ECOAH4,0.34951541408415354
GLUTRS,0.003504189607317794
TMPPP,0.00021901185045736213
NDPK5,0.026533825846666154
DHORTS,-0.3248790361975027
OMPDC,0.3248790361975027
CS,16.501166553790437
ICDHyr,16.501166553790437
ACALD,0.0
ACS,0.0
PPA,3.3738017526058393
PPCK,0.0
ALAR,0.04093655583302138
ALATA_L,-0.6395297420085418
XYLK,0.0
GLYK,0.0
ASPTA,-2.5593919306543755
FBP,0.0
PYK,0.0
A5PISO,0.03821609473092769
EX_metsox_S__L_e,0.0
IPPMIb,-0.6025524512756355
ACHBS,0.21569375518703196
ACLS,0.9340871426678342
PSCVT,0.36615400234606094
ANS,0.0
ANPRT,0.07109858328810102
CHORM,0.2941793716561305
CHORS,0.36615400234606094
IGPS,0.07109858328810102
EX_crn_e,0.0
EX_fe3_e,-0.007668361113771671
EX_glcn_e,0.0
EX_gln__L_e,0.0
EX_glyc_e,0.0
EX_man_e,0.0
EX_mn2_e,-0.0006786421016414225
EX_rib__D_e,0.0
EX_sbt__D_e,0.0
ECOAH6,0.2730832246222973
ENO,25.98695872249353
PPS,0.0
PGI,15.0
PGK,-27.601783433078445
EDA,0.0
RPE,-0.7835876534978226
TALA,-0.2086073196506521
TKT1,-0.2086073196506521
ALCD2x,0.0
ALDD2y,0.0
EX_ura_e,0.0
EX_xan_e,0.0
FMNAT,0.00021901185045736203
NADDP,0.0
NMNAT,0.0
HMPK1,0.0
NDPK6,-0.025698045197611378
NDPK8,0.0
PTRCTA,0.0
CYSDS,0.0
EX_co2_e,50.800509357486185
PMDPHT,0.00043802370091472416
ILETA,-0.21569375518703196
VALTA,-0.3308727452612199
ORPT,-0.3248790361975027
RBFSa,0.0008760474018294483
DHAD2,0.21569375518703196
FRD3,0.0
PTAr,0.0
ACKr,0.0
EX_hxan_e,0.0
EX_lac__L_e,0.0
EX_no3_e,0.0
EX_orn_e,0.0
EX_pyr_e,0.0
EX_succ_e,0.0
EX_thymd_e,0.0
MOAT,0.019108047365463846
UDCPDPS,5.401637567333994e-05
USHD,0.019108047365463846
LPADSS,0.019108047365463846
TDSK,0.019108047365463846
EX_btn_e,0.0
EX_spmd_e,0.0
EX_thym_e,0.0
EX_xtsn_e,0.0
NTPP1,0.0
NTPP2,0.0
NTPTP1,0.0
NTPTP2,0.0
IPMD,0.6025524512756355
AIRC3,-0.440006592959861
ADSL2r,0.440006592959861
EX_fe2_e,-0.00810540269876507
RNDR1,0.0
RNDR3,0.0
RNDR4,0.0
TMDS,0.025698045197611378
PPCDC,0.000661946130978816
FTHFD,0.0
EX_glc__D_e,-15.0
EDD,0.0
DHQTi,0.36615400234606094
DHAD1,0.9340871426678342
IPPMIa,-0.6025524512756355
EX_alltn_e,0.0
FUM,16.467941492327114
PYAM5PO,0.0
OHPBAT,0.00021901185045736213
EX_dgsn_e,0.0
EX_arab__L_e,0.0
EX_fru_e,0.0
EX_gal_e,0.0
EX_xyl__D_e,0.0
EX_duri_e,0.0
EX_for_e,0.0
EX_h2_e,0.0
EX_lys__L_e,0.0
EX_ser__L_e,0.0
EX_thm_e,0.0
GLUTRR,0.003504189607317794
GLCS1,0.0
GLCP,0.0
EX_din_e,0.0
EX_fmn_e,0.0
EX_gthox_e,0.0
HEMEOS,0.0
ADMDC,0.0
ARGDC,0.0
ARGSS,0.3938220096476913
AGPR,-0.3938220096476913
SPMS,0.0
G1SAT,0.003504189607317794
KDOCT2,0.03821609473092769
OAADC,0.0
ALTRH,0.0
PGAMT,-0.0927981691749562
UAGDP,0.0927981691749562
UAGCVT,0.027291037222014255
GLUR,-0.027291037222014255
EX_acald_e,0.0
EX_melib_e,0.0
MACPD,0.0
DMQMT,0.0
ICHORS_copy1,0.0
EX_sucr_e,0.0
EX_zn2_e,-0.0003349015291747107
HACD5,0.34951541408415354
DNMPPA,0.000657035551372062
HPPK2,0.000657035551372062
PTPATi,0.000661946130978816
DXPRIi,0.0023462749360656362
OPHBDC,0.0002190118504573621
OHPHM,0.0
GHMT2r,0.9916446676068571
DHORD2,0.3248790361975027
ADK4,0.0
ABTA,0.0
SSALx,0.0
ASPT,0.0
SERD_L,0.0
THRD,0.0
KARA1,-0.9340871426678342
KARA2,0.21569375518703196
ACCOAC,0.07643808215737918
NADK,0.0004390058168546318
DHBD,0.0
ICHORT,0.0
NTD2,0.0
NTD4,0.0
NTD5,0.0
NTD6,0.0
LGTHL,0.0
HACD6,0.2730832246222973
ECOAH1,0.3495154140841533
ECOAH2,0.3495154140841533
ECOAH3,0.3495154140841533
DXPS,0.0027842986369803605
CDPMEK,0.0023462749360656362
MECDPS,0.0023462749360656362
PMANM,0.0
ICL,0.0
GLYCL,0.1293051394022403
UDPG4E,0.0
TRE6PH,0.0
PPC,19.06055848444481
CINNDO,0.0
DHPPD,0.0
DHCIND,0.0
GTPCII2,0.00043802370091472416
SADT2,0.1546641626354943
LCARS,-3.6161195543448623
ALCD19,0.0
GLTPD,0.0
TGBPA,0.0
MANAO,0.0
PGLYCP,0.0
GLXCL,0.0
TARTD,0.0
GLCRAL,0.0
KAS14,0.0
EDTXS1,0.0
EDTXS2,0.0
EDTXS3,0.0
EDTXS4,0.0
EX_tmao_e,0.0
NNDPR,0.002237260068799351
HACD4,0.34951541408415354
HACD7,0.2730832246222973
AACPS1,-2.420481350073888e-17
SDPDS,0.16489040226480137
DKGLCNR2y,0.0
2DGULRy,0.0
NTD9,0.0
NTD10,0.0
ADK1,2.5377991453528037
OCTDPS,0.0002190118504573621
EX_26dap__M_e,0.0
EX_acnam_e,0.0
EX_amp_e,0.0
EX_dha_e,0.0
EX_fuc__L_e,0.0
EX_glyald_e,0.0
AACPS2,0.0
AACPS3,0.1253454908079471
AACPS4,0.14773773381435026
EX_rmn_e,0.0
EX_ttdca_e,0.0
EX_glyclt_e,0.0
EX_g6p_e,0.0
EX_2ddglcn_e,0.0
EX_galct__D_e,0.0
EX_idon__L_e,0.0
EX_indole_e,0.0
EX_3hcinnm_e,0.0
EX_galur_e,0.0
EX_but_e,0.0
EX_cbl1_e,0.0
CAT,0.00010950592522868107
SERASr,0.0
DDGALK,0.0
AMALT1,0.0
MLTP2,0.0
GP4GH,0.0
EX_gbbtn_e,0.0
EX_tma_e,0.0
GMHEPK,0.0
EX_malttr_e,0.0
TRE6PS,0.0
UDCPDP,0.027291037222014255
CYTK1,0.17710398197814195
CYTK2,0.0
GK1,0.2388780913140954
HACD1,0.3495154140841533
HACD2,0.3495154140841533
EX_hdcea_e,0.0
ACACCT,0.0
BUTCT,0.0
2DGULRx,0.0
G1PTT,0.0
TDPGDH,0.0
TDPDRE,0.0
TDPDRR,0.0
UAPGR,0.027291037222014255
NDPK7,0.0
S7PI,0.0
TRPS3,0.07109858328810102
GTPDPK,0.0
NDPK2,-4.824644646324779
NDPK3,0.0
NDPK4,0.0
FCLT,0.00021901185045736213
HBZOPT,0.0002190118504573621
PNTK,0.000661946130978816
DPCOAK,0.000661946130978816
KDOPS,0.03821609473092769
KDOPP,0.03821609473092769
AST,0.0
GUAD,0.0
DGK1,0.0
DTMPK,0.025698045197611378
NDPK1,0.0
TRDR,0.1546641626354943
FRUK,0.0
RHCCE,0.0
BETALDHx,0.0
BETALDHy,0.0
DKGLCNR1,0.0
FMNRx2,0.0
EX_nmn_e,0.0
EX_urea_e,0.0
GMPS2,0.0
AMPN,0.0
EX_f6p_e,0.0
ADCS,0.000657035551372062
ADCL,0.000657035551372062
DHAPT,0.0
EX_lac__D_e,0.0
UMPK,0.3712781207849808
DDPGALA,0.0
UPPRT,0.0
CTPS2,0.0
NTD1,0.0
NTD7,0.0
PAPPT3,0.027291037222014255
UAGPT3,0.027291037222014255
EX_ttdcea_e,0.0
GMHEPAT,0.0
EX_h2s_e,0.0
EX_gthrd_e,0.0
GLYCLTDx,0.0
HPYRRy,0.0
ACODA,0.0
ADA,0.0
DADA,0.0
ADSS,0.31579084829676457
ASNN,0.0
ASNS2,0.12430635721720143
ASPCT,0.3248790361975027
DMPPS,0.00027302822613070203
MCOATA,0.07643611792553652
IPDPS,0.002073246709934934
DAPE,0.16489040226480137
DHDPRy,0.16489040226480137
HSK,0.0
SDPTA,-0.16489040226480137
THRS,0.42925270075748817
HSST,0.10122638998068771
PPNDH,0.17398535908602786
DDPA,0.36615400234606094
NMNDA,0.0
NNAM,0.0
P5CD,0.0
MALS,0.0
TRE6PP,0.0
EX_met__D_e,0.0
EX_tartr__L_e,0.0
EX_taur_e,0.0
EX_maltpt_e,0.0
EX_glcur_e,0.0
ADPRDP,0.0
G3PD2,0.0
GALS3,0.0
ACCOAL,0.0
GALUi,0.0
U23GAAT,0.03821609473092769
UAAGDS,0.027291037222014255
UAMAS,0.027291037222014255
UAMAGS,0.027291037222014255
UGLYCH,0.0
OP4ENH,0.0
HOPNTAL,0.0
AKGDH,15.318418288783098
HPYRRx,0.0
GLYCDx,0.0
ASP1DC,0.000661946130978816
UGMDDS,0.027291037222014255
UHGADA,0.03821609473092769
UAGAAT,0.03821609473092769
ATPPRT,0.11466234665099898
HISTD,0.11466234665099898
IGPDH,0.11466234665099898
PRPPS,0.9531028310157204
PRATPP,0.11466234665099898
PRMICI,0.11466234665099898
SERAT,0.15466416263549307
CYSS,0.15466416263549307
BPNT,0.0
PAPSR,0.0
ASPK,0.6953694930029772
ASAD,-0.6953694930029772
DAPDC,0.1375993650427871
EX_mmet_e,0.0
METAT,0.0008819400973574493
TMPK,0.00021901185045736213
HPPPNDO,0.0
DHCINDO,0.0
HKNDDH,0.0
HKNTDH,0.0
GLYCK2,0.0
SULR,0.1546641626354943
NNATr,0.002237260068799351
PSERT,1.6148247105849152
AIRC2,0.440006592959861
GAPD,27.601783433078445
HEX1,15.0
TAUDO,0.0
DM_amob_c,1.964231842666925e-06
ME2,0.0
ARGSL,0.3938220096476913
CBPS,0.718701045845194
GLU5K,0.2571876955274661
IPPS,0.6025524512756355
EX_mg2_e,-0.008519855617567787
ACOATA,0.0
AMALT3,0.0
MLTP3,0.0
SPODM,0.0
AHCYSNS,0.0
NTPP4,0.0
NTPP3,0.0
NTPP6,0.0
NTPP7,0.0
NTPP8,0.0
P5CR,2.4039850668110723
CYANST,0.0
DHPPDA2,0.00043802370091472416
G5SADs,0.2571876955274661
PPCSCT,0.0
DBTS,1.964231842666925e-06
DHDPS,0.16489040226480137
G1PACT,0.0927981691749562
GART,0.002409130355030959
CSND,0.0
GF6PTA,0.0927981691749562
H2SO,0.0
GLUCYS,0.0
GLUPRT,0.44022560481031836
NADS1,0.002237260068799351
NTRIR2x,0.0
OCBT,0.3938220096476913
GARFT,0.4378164744552874
PHETA1,-0.17398535908602786
PPND,0.12019401257010266
TRPS1,0.0
PRAMPC,0.11466234665099898
MCITL2,0.0
DXYLK,0.0
SOTA,0.0
SGSAD,0.0
PTA2,0.0
MDH2,0.0
ACOTA,-0.3938220096476913
PDX5PS,0.00021901185045736213
PPBNGS,0.001752094803658897
PPNCL2,0.0
PRAGSr,0.44022560481031836
PRFGS,0.44022560481031836
EX_acac_e,0.0
ETHAAL,2.7755575615628914e-17
MAN1PT2,0.0
AP4AH,0.0
AP5AH,0.0
MI1PP,0.0
MCITS,0.0
PPAKr,0.0
NTP3,0.0
MOAT2,0.019108047365463846
EX_adn_e,0.0
EX_ins_e,0.0
G6PDH2r,0.0
NADH5,0.0
MOHMT,0.000661946130978816
EX_glyc3p_e,0.0
EX_lcts_e,0.0
EX_nac_e,0.0
EX_ocdca_e,0.0
GMPS,0.2388780913140954
UDPGD,0.0
PPPNDO,0.0
CHRPL,0.0002190118504573621
UACMAMO,0.0
PMPK,0.00021901185045736213
LCADi,0.0
ADK3,0.0
BSORy,0.0
ADSK,0.0
HSDy,0.0
CYSTL,0.10122638998068771
SHSL1,0.10122638998068771
SSALy,0.0
EX_dad_2_e,0.0
EX_ser__D_e,0.0
EX_gam6p_e,0.0
EX_15dap_e,0.0
EX_ocdcea_e,0.0
EX_cynt_e,0.0
EX_galctn__D_e,0.0
EX_glyb_e,0.0
BSORx,0.0
NMNt7pp,0.0
GLYALDtex,0.0
GLYBtex,0.0
GLYCtex,0.0
GLYC3Ptex,0.0
GLYCLTtex,0.0
GTPtex,0.0
GUAtex,0.0
Htex,0.0
H2tex,0.0
H2Otex,-61.00502462307135
FACOAL160t2pp,0.0
FACOAL180t2pp,0.0
SPODMpp,0.0
NO3R1bpp,0.0
O2tpp,41.232499072814335
PPTHpp,0.0
PYRt2rpp,0.0
THD2pp,0.0
TMAOR1pp,0.0
TMAOR2pp,0.0
DAPtex,0.0
12PPDStex,0.0
DDGLCNtex,0.0
26DAHtex,0.0
HCINNMtex,0.0
HPPPNtex,0.0
ACtex,0.0
ACALDtex,0.0
ACMUMtex,0.0
ACACT7r,0.2730832246222973
PSP_L,1.185572009827427
ACACT2r,0.3495154140841533
ACACT3r,0.3495154140841533
ACACT4r,0.34951541408415354
SUCCt2_2pp,0.0
SUCFUMtpp,0.0
SUCptspp,0.0
SULabcpp,0.0
TSULabcpp,0.0
TARTRt7pp,0.0
AHGDx,0.0
TAURabcpp,0.0
THMDt2pp_copy1,0.0
EX_ca2_e,-0.005111913370540673
EX_so3_e,0.0
AKGt2rpp,0.0
XYLt2pp,0.0
EX_ascb__L_e,0.0
EX_ala_B_e,0.0
EX_minohp_e,0.0
EX_ppt_e,0.0
EX_hxa_e,0.0
EX_lyx__L_e,0.0
EX_acmum_e,0.0
EX_dca_e,0.0
EX_all__D_e,0.0
EX_octa_e,0.0
EX_xylu__L_e,0.0
EX_gdp_e,0.0
EX_gtp_e,0.0
THMabcpp,0.0
THRabcpp,0.0
TREptspp,0.0
TRPt2rpp,0.0
TYRt2rpp,0.0
URIt2pp_copy1,0.0
VALabcpp,0.0
XTSNt2rpp,0.0
XYLabcpp,0.0
XYLUt2pp,0.0
THRt4pp,0.0
EX_fruur_e,0.0
GALtex,0.0
GALCTtex,0.0
GALCTNtex,0.0
GALTtex,0.0
GALURtex,0.0
GTPCI,0.000657035551372062
FDMO,0.0
FEOXAMabcpp,0.0
CBL1abcpp,0.0
ACACt2pp,0.0
ACGAptspp,0.0
ACMANAptspp,0.0
ACNAMt2pp,0.0
TKT2,-0.5749803338471704
EX_ch4_e,0.0
FEENTERabcpp,0.0
FECRMabcpp,0.0
GBBTNtex,0.0
ARBt2rpp,0.0
DAPabcpp,0.0
CO2tpp,-50.800509357486185
DHAtpp,0.0
ARGabcpp,0.0
ARGAGMt7pp,0.0
ASCBptspp,0.0
ASNt2rpp,0.0
ASPabcpp,0.0
ASPt2pp,0.0
HIStex,0.0
HXAtex,0.0
HYXNtex,0.0
IDONtex,0.0
INSTtex,0.0
INStex,0.0
Ktex,0.19170215303284255
D_LACtex,0.0
FRULYStex,0.0
EX_fad_e,0.0
GALCTt2rpp,0.0
GALt2pp,0.0
ASPtex,0.0
ABUTt2pp,0.0
CYSabcpp,0.0
SBTptspp,0.0
CYTBDpp,0.0
ACALDtpp,0.0
ACt2rpp,0.0
EX_fe3dcit_e,0.0
EX_fe3hox_e,-5.105096691833328e-18
EX_fecrm_e,0.0
EX_feenter_e,0.0
EX_feoxam_e,0.0
EX_cbi_e,0.0
EX_arbtn_fe3_e,0.0
EX_cpgn_e,0.0
EX_adocbl_e,0.0
ATPS4rpp,166.20427289514527
INDOLEtex,0.0
L_LACtex,0.0
ACt4pp,0.0
ADEt2rpp,-0.00022097608230002905
ADNt2pp_copy1,0.0
ALAabcpp,0.0
ALLabcpp,0.0
ALLTNt2rpp,0.0
ARBabcpp,0.0
ECOAH8,0.0
GLCDpp,0.0
HYXNtpp,0.0
NACtpp,0.0
FE3DCITabcpp,0.0
CPGNtonex,0.0
GLCRtex,0.0
GLCNtex,-1.2254570502300406
GLCURtex,0.0
GLNtex,0.0
O2tex,41.232499072814335
EX_ppa_e,0.0
OCTAtex,0.0
ORNtex,0.0
ECOAH5,0.34951541408415354
DHFS,0.000657035551372062
CITt7pp,0.0
CRNt7pp,0.0
EX_ni2_e,-0.0003172234425907084
EX_no_e,0.0
CHLabcpp,0.0
DGSNt2pp,0.0
DINSt2pp,0.0
DURIt2pp,0.0
FE2abcpp,0.00810540269876507
FRUptspp,0.0
FUCtpp,0.0
FUMt2_2pp,0.0
FEENTERtonex,0.0
CSNt2pp,0.0
CYNTt2pp,0.0
CYTDt2pp_copy1,0.0
DADNt2pp,0.0
DCYTt2pp,0.0
DDGLCNt2rpp,0.0
RMNtex,0.0
EX_meoh_e,0.0
MALTTRtexi,0.0
MALTTTRtexi,0.0
MALTPTtexi,0.0
MALTtexi,0.0
GLCtex_copy1,15.0
FE3DCITtonex,0.0
PItex,0.9473549104137086
METS,0.1016663779134451
EX_cu2_e,-0.0006963201882254249
PRASCSi,0.440006592959861
TRSARr,0.0
EX_pheme_e,0.0
PNTOtex,0.0
PPPNtex,0.0
PPTtex,0.0
PYRtex,0.0
DSERtex,0.0
SERtex,0.0
SO4tex,0.15892458150223884
SPMDtex,0.0
SUCCtex,0.0
SUCRtex,0.0
TARTRtex,0.0
TAURtex,0.0
THRtex,0.0
THMDtex,0.0
CBIuabcpp,0.0
METDtex,0.0
MNLtex,0.0
NAtex,0.0
NACtex,0.0
NH4tex,0.0
BUTtex,0.0
CHLtex,0.0
CO2tex,-50.800509357486185
CRNtex,0.0
PPK2,0.0
DINStex,0.0
DMStex,0.0
CSNtex,0.0
CYNTtex,0.0
CYTDtex,0.0
DCAtex,0.0
DCYTtex,0.0
DGSNtex,0.0
MTHFR2,0.0
ASPO3,0.0
ASPO5,0.0
ASPO4,0.0
ASPO6,0.0
LCTStex,0.0
LYStex,0.0
LYXtex,0.0
MANtex,0.0
MAN6Ptex,0.0
MELIBtex,0.0
DMSOtex,0.0
DURItex,0.0
FRUtex,0.0
FUCtex,0.0
FUMtex,0.0
ACACT5r,0.34951541408415354
MALDDH,0.0
FE2tex,0.00810540269876507
NMNtex,0.0
NO2tex,0.0
DHPS2,0.000657035551372062
MTHFC,0.9927044259166047
MTHFD,0.9927044259166047
BUTt2rpp,0.0
CADVtpp,0.0
QULNS,0.002237260068799351
GDPtex,0.0
EX_cobalt2_e,-2.4552898033325388e-05
TMAtex,0.0
TMAOtex,0.0
TREtex,0.0
L_LACD3,0.0
L_LACD2,0.0
ACACT6r,0.2730832246222973
TSULtex,0.0
URAtex,0.0
UREAtex,0.0
URItex,0.0
XANtex,0.0
XYLtex,0.0
ABUTtex,0.0
GLCTR1,0.0
LIPAabcpp,0.0
LIPACabcpp,0.0
GGGABADr,0.0
EX_mso3_e,0.0
EX_23camp_e,0.0
EX_23cgmp_e,0.0
EX_23cump_e,0.0
EX_3amp_e,0.0
EX_3gmp_e,0.0
EX_3ump_e,0.0
EX_glyc__R_e,0.0
EX_eca4colipa_e,0.0
FDMO3,0.0
FDMO4,0.0
BUTSO3abcpp,0.0
ETHSO3abcpp,0.0
EX_sel_e,0.0
EX_hg2_e,0.0
ENTERES,0.0
FEOXAMUtex,0.0
ARBTNtpp,0.0
ARBTNtex,0.0
23CAMPtex,0.0
23CCMPtex,0.0
23CUMPtex,0.0
23CGMPtex,0.0
3AMPtex,0.0
3CMPtex,0.0
FEENTERtpp,0.0
FEENTERtex,0.0
FE3HOXUtpp,5.105096691833328e-18
FEOXAMUtpp,0.0
FECRMUtpp,0.0
FE3HOXR2,0.0
PTRCt2pp,0.0
GGGABAH,0.0
FDMO6,0.0
SULFACabcpp,0.0
ETHSO3tex,0.0
BUTSO3tex,0.0
LIPOtex,0.0
CYANSTpp,0.0
MCPST,0.0
PHEMEabcpp,0.0
METSOX1abcpp,0.0
GALBDtex,0.0
UDCPDPpp,0.0
FE3HOXR3,0.0
FEENTERR1,0.0
FEENTERR3,0.0
SULFACtex,0.0
EX_sulfac_e,0.0
EX_butso3_e,0.0
EX_ethso3_e,0.0
NODOy,0.0
CU1abcpp,0.0
HG2abcpp,0.0
GLCTR3,0.0
NODOx,0.0
NOtex,0.0
NOtpp,0.0
N2Otpp,0.0
N2Otex,0.0
CRNt8pp,0.0
CRNt2rpp,0.0
CRNDt2rpp,0.0
CTBTt2rpp,0.0
PACALDt2rpp,0.0
PEAMNtex,0.0
PACALDtex,0.0
LIPOt2pp,0.0
INOSTt4pp,0.0
PHEMEtiex,0.0
AGM3PA,0.0
CYANtex,0.0
SO3tex,0.0
TCYNTtex,0.0
METSOX2abcpp,0.0
METSOX1tex,0.0
METSOX2tex,0.0
3UMPtex,0.0
3GMPtex,0.0
FALDtpp,-1.964231842666925e-06
METSOXR1,0.0
METSOXR2,0.0
AMPTASECG,0.0
EX_imp_e,0.0
DOPAtex,0.0
4HOXPACDtex,0.0
GPDDA1pp,0.0
GPDDA5pp,0.0
G3PStex,0.0
FEENTERR2,0.0
FLVR,0.0
FE3HOXR1,2.552548345916664e-18
FEENTERexs,0.0
FE3HOXexs,0.0
FECRMR3,0.0
FDMO2,0.0
AGM4PApp,0.0
AGM4PA,0.0
RNDR3b,0.0
RNDR4b,0.0
ACGAL1Ptex,0.0
GLCUR1Ptex,0.0
UDPGLCURtex,0.0
FEROpp,0.0
ISETACabcpp,0.0
ISETACtex,0.0
UDPGtex,0.0
UDPGALtex,0.0
ACGAM1Ptex,0.0
UACGAMtex,0.0
UDPACGALtex,0.0
AM3PA,0.0
CBLAT,0.0
MSO3abcpp,0.0
MSO3tex,0.0
FECRMR1,0.0
FECRMR2,0.0
3PEPTabcpp,0.0
4PEPTabcpp,0.0
AGM3Pt2pp,0.0
AGM4Pt2pp,0.0
AGMt2pp,0.0
FECRMexs,0.0
ARBTNR1,0.0
ARBTNR2,0.0
ARBTNR3,0.0
ARBTNexs,0.0
FEOXAMexs,0.0
FEOXAMR1,0.0
FEOXAMR2,0.0
FEOXAMR3,0.0
PTHRpp,0.0
AGt3,0.0
CD2t3pp,0.0
ZNabcpp,0.0003349015291747107
SKMt2pp,0.0
R5PPpp,0.0
PSP_Lpp,0.0
GLYC2Ptex,0.0
PSERtex,0.0
R5Ptex,0.0
THRPtex,0.0
TYRPtex,0.0
PAPSR2,0.0
GRXR,0.026533825846666154
RNDR1b,0.0
RNDR2b,0.026533825846666154
FACOAE181,0.0
FACOAE160,0.12534549080794705
FACOAE140,-2.420481350073888e-17
CPGNR1,0.0
CPGNR2,0.0
CPGNR3,0.0
CPGNUtpp,0.0
CPGNUtex,0.0
FACOAL80t2pp,0.0
PPGPPDP,0.0
CPGNabcpp,0.0
CPGNexs,0.0
CITtex,0.0
DDCAtexi,0.0
TTDCAtexi,0.0
HDCAtexi,0.0
EX_cd2_e,0.0
FACOAL60t2pp,0.0
IDONt2rpp,0.0
ILEabcpp,0.0
INDOLEt2pp,0.0
INSt2pp,0.0
LYXt2pp,0.0
GDPDPK,0.0
OCDCAtexi,0.0
OCDCEAtexi,0.0
G6Ptex,0.0
TUNGSabcpp,0.0
MOBDabcpp,6.874811449334238e-06
MOBDtex,6.874811449334238e-06
NI2tex,0.0003172234425907084
R15BPK,0.0
Kabcpp,0.0
LEUabcpp,0.0
L_LACt2rpp,0.0
MALt2_2pp,0.0
MALTabcpp,0.0
MALTHXabcpp,0.0
MALTPTabcpp,0.0
MALTTRabcpp,0.0
MALTTTRabcpp,0.0
MAN6Pt6_2pp,0.0
MANGLYCptspp,0.0
MELIBt2pp,0.0
METabcpp,0.0
EX_fe3hox_un_e,0.0
GGPTRCS,0.0
EX_23dappa_e,0.0
RMNtpp,0.0
SERt4pp,0.005111913370540673
MNLptspp,0.0
NAt3_1p5pp,0.0
NAt3_2pp,0.0
NH4tpp,0.0
NMNPtpp,0.0
NO2t2rpp,0.0
NO3t7pp,0.0
ORNabcpp,0.0
PIuabcpp,0.0
PNTOt4pp,0.0
METDabcpp,0.0
PROabcpp,0.0
PROt2rpp,0.0
PROt4pp,0.0
PTRCabcpp,0.0
ASNNpp,0.0
GLUNpp,0.0
NTD12,0.0
FECRMtonex,0.0
ARBTNtonex,0.0
ADOCBLabcpp,0.0
EX_enter_e,0.0
EX_fecrm_un_e,0.0
EX_cgly_e,0.0
EX_chtbs_e,0.0
EX_gmp_e,0.0
EX_h2o2_e,0.0
EX_ump_e,0.0
EX_pydam_e,0.0
CRNabcpp,0.0
CRNDabcpp,0.0
DNTPPA,0.000657035551372062
CTBTabcpp,0.0
NTPP9,0.0
NTPP10,0.0
NTPP11,0.0
NTD2pp,0.0
NTD4pp,0.0
NTD7pp,0.0
NTD9pp,0.0
H2O2tex,0.0
ARGDCpp,0.0
ALLPI,0.0
ALLULPE,0.0
ADEtex,-0.00022097608230002905
ADNtex,0.0
ALAtex,0.0
BALAtex,0.0
DALAtex,0.0
AMPtex,0.0
ARBtex,0.0
ASCBtex,0.0
FACOAL100t2pp,0.0
RIBabcpp,0.0
GPDDA3pp,0.0
GPDDA4pp,0.0
GPDDA2pp,0.0
FACOAL120t2pp,0.0
FACOAL140t2pp,0.0
FE3HOXtonex,5.105096691833328e-18
CU2abcpp,0.0
COBALT2abcpp,0.0
NI2abcpp,0.0
MG2uabcpp,0.0
MMETtex,0.0
FE3tex,0.007668361113771675
MG2tex,0.008519855617567787
Zn2tex,0.0003349015291747107
MMETt2pp,0.0
CD2tex,0.0
GLNabcpp,0.0
GLUabcpp,0.0
GLUABUTt7pp,0.0
GLUt2rpp,0.0
GLUt4pp,0.0
GLYALDtpp,0.0
ACGK,0.3938220096476913
14GLUCANabcpp,0.0
14GLUCANtexi,0.0
DHPTPE,0.0
NADPHQR2,0.0
GLBRAN2,0.0
ASR,0.0
ASO3tex,0.0
MANGLYCtex,0.0
EX_frulys_e,0.0
FRUURt2rpp,0.0
FRUURtex,0.0
GLYCAt2rpp,0.0
GLYCAtex,0.0
EX_enlipa_e,0.0
EX_hacolipa_e,0.0
4PCPpp,0.0
FALDH2,0.0
GLYBabcpp,0.0
GLYC3Pt6pp,0.0
GLYCLTt4pp,0.0
GLYCtpp,0.0
H2Otpp,-61.00502462307135
HCINNMt2rpp,0.0
HISabcpp,0.0
HISt2rpp,0.0
CBIAT,0.0
LYSabcpp,0.0
COBALT2tex,2.4552898033325388e-05
PPDOy,0.0
PPA2,0.0
DIMPtex,0.0
GALTptspp,0.0
GALURt2rpp,0.0
GLCNt2rpp,-1.2254570502300406
GLCptspp,0.0
GLCRt2rpp,0.0
GLCt2pp,15.0
GLCURt2rpp,0.0
ACMUMptspp,0.0
EX_h2o_e,61.00502462307135
EX_ala__D_e,0.0
HSTPT,0.11466234665099898
THDPS,0.16489040226480137
XTSNtex,0.0
EX_hdca_e,0.0
EX_glcr_e,0.0
GNK,0.0
HMBS,0.00043802370091472427
FHL,0.0
MEPCT,0.0023462749360656362
GLUDy,0.0
GLYCLTDy,0.0
LYSDC,0.0
DAAD,0.0
UREAtpp,0.0
XANt2pp,0.0
GLYC3Pabcpp,0.0
PPPNt2rpp,0.0
PTRCORNt7pp,0.0
SPMDabcpp,0.0
HG2tex,0.0
NTPP5,0.0
ATPM,6.86
EX_mnl_e,0.0
NTD3,0.0
GLYOX,0.0
DADNtex,0.0
DHAtex,0.0
ETOHtex,0.0
AGM4PCPpp,0.0
GTPDPDP,0.0
RNDR2,0.0
EX_asn__L_e,0.0
XAND,0.0
EX_no2_e,0.0
HACD3,0.3495154140841533
ACACtex,0.0
ACNAMtex,0.0
ARBTNabcpp,0.0
NNDMBRT,0.0
THRA2,0.0
ASO3t8pp,0.0
H2Stex,0.0
PPK,0.0
OMCDC,0.6025524512756355
ABUTD,0.0
E4PD,0.00021901185045736213
IG3PS,0.11466234665099898
EX_nh4_e,0.0
DADK,0.0
DUTPDP,0.0
EX_ddca_e,0.0
NTP5,0.0
FORt2pp,0.0
EX_r5p_e,0.0
EX_glyc2p_e,0.0
DPR,0.000661946130978816
THRD_L,0.21569375518703196
EX_malt_e,0.0
4PEPTtex,0.0
EX_pnto__R_e,0.0
SELNPS,0.0
CRNCAR,0.0
GALabcpp,0.0
GLYCLTt2rpp,0.0
GUAt2pp,0.0
HPPPNt2rpp,0.0
ANHMK,0.0
DHFR,0.02635508074898344
EX_cit_e,0.0
PRAIi,0.07109858328810102
TYRTA,-0.12019401257010266
SHKK,0.36615400234606094
EX_inost_e,0.0
EX_mobd_e,-6.874811449334238e-06
EX_so4_e,-0.15892458150223884
GLUSy,7.510834290773504
EX_thr__L_e,0.0
EX_uri_e,0.0
PDH,19.849117994634263
H2St1pp,0.0
EX_halipa_e,0.0
AACPS5,0.0
MANptspp,0.0
EX_cmp_e,0.0
NTD8,0.0
GALCTD,0.0
EX_malthx_e,0.0
AMAOTr,1.964231842666925e-06
EX_csn_e,0.0
EX_etoh_e,0.0
EX_his__L_e,0.0
EX_k_e,-0.19170215303284255
EX_na1_e,0.0
ARGORNt7pp,0.0
EX_dmso_e,0.0
EX_12ppd__S_e,0.0
EX_pppn_e,0.0
EX_acgam1p_e,0.0
EX_galt_e,0.0
DKGLCNR2x,0.0
ACGS,0.0
PDE1,0.0
CU2tex,0.0006963201882254249
FECRMUtex,0.0
ALAALAr,0.027291037222014255
CLtex,0.005111913370540673
CELBpts,0.0
ACACT1r,0.3495154140841533
MALTptspp,0.0
EX_glcur1p_e,0.0
EX_thrp_e,0.0
EX_pydxn_e,0.0
CD2abcpp,0.0
G2PPpp,0.0
Kt3pp,0.0
AGM3PApp,0.0
SUCOAS,-14.859324991810897
PANTS,0.000661946130978816
DHQS,0.36615400234606094
PGCD,1.6148247105849152
EX_gsn_e,0.0
EX_orot_e,0.0
ADSL1r,0.31579084829676457
AICART,0.55466893961086
FRUpts2pp,0.0
G6Pt6_2pp,0.0
SBTtex,0.0
PFK,14.123614177327221
PGM,-25.98695872249353
TPI,13.984835304947273
RPI,-0.7444955113650682
PERD,0.00021901185045736213
AKGtex,0.0
ALLTNtex,0.0
ASNtex,0.0
FE3HOXabcpp,5.105096691833328e-18
FADRx2,0.0
EX_o2_e,-41.232499072814335
EX_gal_bD_e,0.0
PDE4,0.0
AGM4PH,0.0
AM4PA,0.0
EX_dump_e,0.0
EX_o2s_e,0.0
EX_gal1p_e,0.0
EX_dcmp_e,0.0
EX_23ccmp_e,0.0
EX_3cmp_e,0.0
ATHRDHr,0.0
LSERDHr,0.0
DSERDHr,0.0
EX_skm_e,0.0
EX_ag_e,0.0
EX_cys__D_e,0.0
EX_acser_e,0.0
EX_cu_e,0.0
EX_arbtn_e,0.0
EX_dopa_e,0.0
THRt2pp,0.0
EX_LalaDgluMdapDala_e,0.0
EX_LalaDgluMdap_e,0.0
EX_anhgm_e,0.0
EX_fald_e,1.964231842666925e-06
GLNS,9.50948636794644
GTHS,0.0
EX_g3pe_e,0.0
EX_pacald_e,0.0
CMPtex,0.0
DUMPtex,0.0
XMPtex,0.0
3PEPTtex,0.0
ANHGMtex,0.0
UDPKAAT,0.0
HEPT1,0.0
FALDtex,-1.964231842666925e-06
ALR2,0.0
AMALT2,0.0
MLTP1,0.0
HEPT2,0.0
CYSDtex,0.0
CYSDabcpp,0.0
HXAND,0.0
EX_so2_e,0.0
EX_dms_e,0.0
G3PItex,0.0
G3PGtex,0.0
G3PEtex,0.0
G3PCtex,0.0
GLCabcpp,0.0
GLCTR2,0.0
EX_acgal1p_e,0.0
EX_cyan_e,0.0
EX_tyrp_e,0.0
EX_uacgam_e,0.0
EX_udpacgal_e,0.0
EX_udpg_e,0.0
EX_udpgal_e,0.0
EX_udpglcur_e,0.0
EX_14glucan_e,0.0
EX_pser__L_e,0.0
EX_aso3_e,0.0
EX_tcynt_e,0.0
EX_fe3dhbzs_e,0.0
EX_feoxam_un_e,0.0
EX_g3pc_e,0.0
EX_g3pg_e,0.0
EX_g3pi_e,0.0
EX_g3ps_e,0.0
EX_peamn_e,0.0
EX_34dhpac_e,0.0
DAMPtex,0.0
DCMPtex,0.0
DGMPtex,0.0
DTMPtex,0.0
GMPtex,0.0
IMPtex,0.0
UMPtex,0.0
G1Ptex,0.0
ADNK1,0.000439987932757388
CUt3,0.0
ZN2t3pp,0.0
SKMtex,0.0
MNt2pp,0.0006786421016414225
MNtex,0.0006786421016414225
GAL1Ptex,0.0
O2Stex,0.0
HEPK1,0.0
ALDD3y,0.0
EX_xmp_e,0.0
EX_damp_e,0.0
CYSSADS,0.0
EX_dimp_e,0.0
CPPPGO2,0.0
EX_isetac_e,0.0
AGM3PH,0.0
HOMt2pp,0.0
SO2tex,0.0
SO2tpp,0.0
SHCHF,0.00021901185045736213
CYStpp,0.0
ACSERtpp,0.0
ACSERtex,0.0
NTP10,0.0
PRAIS,0.44022560481031836
2AGPE120tipp,0.0
AACPS6,0.0
AACPS7,0.07643218946185623
G3PGabcpp,0.0
G3PIabcpp,0.0
G3PSabcpp,0.0
2AGPA120tipp,0.0
2AGPG180tipp,0.0
2AGPGAT180,0.0
2AGPGAT181,0.0
AACPS8,0.0
AACPS9,-1.942890293094024e-16
HXCT,0.0
2AGPEAT160,-2.7755575615628914e-17
DURADx,0.0
ECOAH7,0.2730832246222973
G1PPpp,0.0
GALCTND,0.0
GCALDD,0.0
HISTP,0.11466234665099898
LDH_D,0.0
AMALT4,0.0
NTD11,0.0
ORNDC,0.0
UPP3MT,0.00021901185045736213
ALAALAtex,0.0
FACOAL181t2pp,0.0
T2DECAI,-1.6653345369377348e-16
3OAS161,-1.6653345369377348e-16
EAR141y,0.0
EAR161x,0.0
DASYN160,0.06267274540397359
DASYN161,0.07386886690717505
DASYN181,0.0
PGSA180,0.0
2AGPGAT141,0.0
FACOAE180,0.0
FACOAE100,0.0
FACOAE80,-1.942890293094024e-16
FACOAE60,0.0
MALtex,0.0
NO3tex,0.0
3OAS141,-1.6653345369377348e-16
3OAR121,-1.6653345369377348e-16
CFAS160G,0.0
URAt2pp,0.0
FACOAE141,0.0
FACOAE161,0.14773773381435026
TTDCEAtexi,0.0
HDCEAtexi,0.0
2AGPEAT180,0.0
2AGPEAT181,0.0
2AGPGAT140,0.0
ALAALAabcpp,0.0
HEXt2rpp,0.0
G3PEabcpp,0.0
G3PCabcpp,0.0
2AGPGAT161,0.0
AMPTASEPG,0.0
PROGLYabcpp,0.0
GTHRDabcpp,0.0
2AGPG140tipp,0.0
2AGPG160tipp,0.0
2AGPG141tipp,0.0
2AGPG161tipp,0.0
2AGPG181tipp,0.0
2AGPEAT140,0.0
2AGPEAT120,0.0
2AGPEAT161,0.0
2AGPEAT141,0.0
2AGPGAT160,0.0
CLPNS180pp,0.0
CLPNS181pp,0.0
PG161abcpp,0.0
PGP120abcpp,0.0
PGP161abcpp,0.0
PGP181abcpp,0.0
PA120abcpp,0.0
CLPNS120pp,0.0
ALPATE160pp,0.0
ALPATG160pp,0.0
2AGPGAT120,0.0
FACOAL141t2pp,0.0
FACOAL161t2pp,0.0
PA160abcpp,0.0
PA181abcpp,0.0
12DGR141tipp,0.0
PGPP140pp,0.0
PGPP141pp,0.0
PGPP160pp,0.0
PGPP180pp,0.0
CLPNS160pp,0.0
CLPNS161pp,0.0
PG160abcpp,0.0
PGP140abcpp,0.0
HPYRI,0.0
FE3HOXUtex,5.105096691833328e-18
TPRDCOAS,0.0
EX_dgmp_e,0.0
GAMptspp,0.0
EX_4hoxpacd_e,0.0
GSNtex,0.0
FORtex,0.0
D_LACt2pp,0.0
RIBtex,0.0
THMtex,0.0
XYLUtex,0.0
EX_manglyc_e,0.0
ALLtex,0.0
GGPTRCO,0.0
EX_metsox_R__L_e,0.0
34dhpactex,0.0
MALTHXtexi,0.0
12PPDStpp,0.0
HYD1pp,0.0
EX_cl_e,-0.005111913370540673
FE3DHBZStonex,0.0
H2tpp,0.0
23DAPPAtex,0.0
FEOXAMtonex,0.0
FMNRx,0.0
EX_3hpppn_e,0.0
EX_man6p_e,0.0
EX_tsul_e,0.0
PHEt2rpp,0.0
DHBS,0.0
EX_n2o_e,0.0
MDDCP1pp,0.0
OMBZLM,0.0
EX_maltttr_e,0.0
GLYCK,0.0
AGMH,0.0
MPTG,0.013645518611007127
MPTG2,0.0
MCTP1App,0.013645518611007127
MCTP2App,0.0
MCTP1Bpp,0.0
EX_lipoate_e,0.0
EX_pydx_e,0.0
EX_g1p_e,0.0
SFGTHi,0.0
K2L4Aabcpp,0.019108047365463846
DSBCGT,0.0
DSBGGT,0.0
AMPMS2,0.00021901185045736213
DM_oxam_c,0.0
THIORDXi,0.0
PPPGO3,0.00021901185045736213
PDX5POi,0.00021901185045736213
HG2t3pp,0.0
EAR141x,0.0
EAR181x,0.0
EAR181y,0.0
G3PAT141,0.0
G3PAT181,0.0
DASYN140,0.0
DASYN180,0.0
DASYN141,0.0
PGSA141,0.0
EX_alaala_e,0.0
EX_dtmp_e,0.0
5DOAN,0.00022097608230002905
DM_5drib_c,0.00022097608230002905
MINOHPtexi,0.0
12PPDRtpp,0.0
FACOAE120,0.07643218946185623
3OAR120,-7.216449660063518e-16
3HAD80,-7.494005416219807e-16
3HAD120,-7.216449660063518e-16
EAR180x,0.0
SO4t2pp,0.15892458150223884
EAR180y,0.0
PGPP120,0.0
DAGK120,0.0
PSSA161,0.07386886690717505
PSD160,0.06267274540397359
PSD161,0.07386886690717505
PSD180,0.0
COLIPAabcpp,0.0
GAM6Pt6_2pp,0.0
PPALtex,0.0
CA2tex,0.005111913370540673
CUtex,0.0
CU1Opp,0.0
SUCDi,15.31897907697418
LPLIPAL1E141pp,0.0
LALDO2x,0.0
12PPDRtex,0.0
LPLIPAL1E160pp,0.0
LPLIPAL1E180pp,0.0
LPLIPAL1E181pp,0.0
LPLIPAL1G160pp,0.0
LPLIPAL1G161pp,0.0
LPLIPAL1G120pp,0.0
F6Ptex,0.0
GAMAN6Ptex,0.0
ALR4x,0.0
LPLIPAL1G141pp,0.0
LPLIPAL1G180pp,0.0
LPLIPAL1G181pp,0.0
ACONTb,16.501166553790437
GLCP2,0.0
F6Pt6_2pp,0.0
PPALtpp,0.0
3HAD161,-1.6653345369377348e-16
ASNS1,0.0
EAR80y,0.0
EAR120y,-7.216449660063518e-16
3OAR181,0.0
3HAD121,-1.6653345369377348e-16
EAR121y,-1.6653345369377348e-16
GTHRDHpp,0.0
PROGLYtex,0.0
EX_progly_e,0.0
MDDCP2pp,0.0
MDDCP3pp,0.0
EAR140x,0.0
EAR40y,1.2182541923264222e-16
3OAS181,0.0
EAR161y,0.0
G3PAT140,0.0
G3PAT160,0.06267274540397359
G3PAT161,0.07386886690717505
AGPAT160,0.06267274540397359
MLDCP1App,0.0
EAR160y,0.0
EAR100y,0.0
3OAR141,-1.6653345369377348e-16
3OAR161,-1.6653345369377348e-16
3HAD141,-1.6653345369377348e-16
EAR121x,0.0
PSD140,0.0
MICITDr,0.0
PGSA140,0.0
LPLIPAL1A141pp,0.0
LPLIPAL1A180pp,0.0
LPLIPAL1E140pp,0.0
LPLIPAL1E161pp,0.0
LPLIPAL1G140pp,0.0
ACONTa,16.501166553790437
MLDCP2App,0.0
12DGR140tipp,0.0
12DGR160tipp,0.0
12DGR180tipp,0.0
PGPP120pp,0.0
PGPP181pp,0.0
EX_12ppd__R_e,0.0
PGSA181,0.0
PGPP140,0.0
PGPP141,0.0
MDDCP5pp,0.0
MLTGY3pp,0.0
G3PAT180,0.0
PGSA160,0.0
MLDCP2Bpp,0.0
3OAS140,0.07643218946185551
3OAR140,0.07643218946185551
3OAR160,8.326672684688674e-17
PGSA161,0.0
3HAD181,0.0
PGPP160,0.0
PGPP180,0.0
PGPP161,0.0
PGPP181,0.0
PE141abcpp,0.0
PE160abcpp,0.06267274540397356
PE161abcpp,0.07386886690717505
PSD141,0.0
PG140abcpp,0.0
PG141abcpp,0.0
PG180abcpp,0.0
PG181abcpp,0.0
PGP141abcpp,0.0
PGP160abcpp,0.0
PGP180abcpp,0.0
PA140abcpp,0.0
12DGR120tipp,0.0
MDDCP4pp,0.0
CLPNS140pp,0.0
CLPNS141pp,0.0
PG120abcpp,0.0
PE140abcpp,0.0
CFAS160E,0.0
CFAS180E,0.0
CFAS180G,0.0
PSSA160,0.06267274540397359
DAGK140,0.0
DAGK160,0.0
DAGK141,0.0
DAGK161,0.0
MDDEP3pp,0.0
MDDEP4pp,0.0
MLTGY1pp,0.0
CGLYtex,0.0
3HAD40,-7.216449660063518e-16
3OAS60,-7.216449660063518e-16
3OAS160,8.326672684688674e-17
3OAR60,-7.216449660063518e-16
3OAR80,-7.494005416219807e-16
MLDCP3App,0.0
MLDCP1Bpp,0.0
2AGPE181tipp,0.0
2AGPA140tipp,0.0
2AGPA160tipp,0.0
2AGPA180tipp,0.0
2AGPA141tipp,0.0
EX_urate_e,0.0
2AGPE140tipp,0.0
2AGPE160tipp,0.0
2AGPE180tipp,0.0
2AGPE141tipp,0.0
2AGPE161tipp,0.0
2AGPA161tipp,0.0
2AGPA181tipp,0.0
2AGPG120tipp,0.0
PA141abcpp,0.0
PA161abcpp,0.0
PA180abcpp,0.0
PGPP161pp,0.0
PE120abcpp,0.0
PE180abcpp,0.0
GTHOXtex,0.0
DSBDR,0.0
TDSR1,0.0
CGLYabcpp,0.0
EAR100x,0.0
EAR120x,0.0
EAR160x,0.0
EAR140y,0.0
3OAS121,-1.6653345369377348e-16
3OAS80,-7.216449660063518e-16
3OAS100,-9.43689570931383e-16
3OAS120,-7.216449660063518e-16
3OAR40,-7.216449660063518e-16
3OAR100,-9.43689570931383e-16
3HAD60,-7.216449660063518e-16
3HAD100,-9.43689570931383e-16
3HAD140,0.0
3HAD160,8.326672684688674e-17
AGPAT161,0.07386886690717505
DASYN120,0.0
EAR40x,0.0
EAR60y,-7.216449660063518e-16
MLTGY2pp,0.0
MLTGY4pp,0.0
EAR60x,0.0
EAR80x,-7.494005416219807e-16
PE181abcpp,0.0
12DGR161tipp,0.0
12DGR181tipp,0.0
3OAS180,0.0
3HAD180,0.0
PSD120,0.0
EX_cpgn_un_e,0.0
MDDEP1pp,0.0
MDDEP2pp,0.0
PSD181,0.0
DAGK180,0.0
DAGK181,0.0
LPLIPAL1A120pp,0.0
LPLIPAL1A140pp,0.0
LPLIPAL1A181pp,0.0
LPLIPAL1E120pp,0.0
3OAR180,0.0
G3PAT120,0.0
PGSA120,0.0
TDSR2,0.0
GTHRDtex,0.0
NADHPO,0.0
ACOAD7f,-0.12534549080794705
ACOAD8f,0.0
ACOAD5f,-0.34951541408415354
ACOAD3f,-0.3495154140841533
ACOAD2f,-0.3495154140841533
ACOAD4f,-0.34951541408415354
ACOAD6f,-0.2730832246222973
EX_tartr__D_e,0.0
GLYBt2pp,0.0
DSERt2pp,0.0
ALAt4pp,0.0
LYSt3pp,0.0
EX_tungs_e,0.0
CTBTCAL2,0.0
EX_crn__D_e,0.0
AMMQLT8,0.0
CRNDCAL2,0.0
CRNCAL2,0.0
GLYt4pp,0.0
FRULYSt2pp,0.0
EX_psclys_e,0.0
TUNGStex,0.0
COBALT2tpp,0.19172670593087587
OXCDC,0.0
DM_aacald_c,0.0
UM3PL,0.0
UM4PL,0.0
NI2tpp,0.0003172234425907084
COBALT2t3pp,0.0
23DAPPAt2pp,0.0
CAt6pp,-0.005111913370540673
5DGLCNt2rpp,0.0
GALCTNt2pp,0.0
GALCTNLtex,0.0
EX_galctn__L_e,0.0
CA2t3pp,0.0
ARGt3pp,0.0
MALDtex,0.0
OROTtex,0.0
PPAt4pp,0.0
OROTt2_2pp,0.0
MALDt2_2pp,0.0
5DGLCNtex,0.0
EX_5dglcn_e,0.0
DTARTD,0.0
LPLIPAL1A161pp,0.0
LPLIPAL1A160pp,0.0
PSCLYSt2pp,0.0
GLYt2pp,0.0
ALAt2pp,0.0
BALAt2pp,0.0
DALAt2pp,0.013645518611007127
MG2tpp,0.008519855617567787
PPAtex,0.0
GALCTNLt2pp,0.0
GALCTLO,0.0
THYMt3pp,0.0
PSCLYStex,0.0
THYMtex,0.0
CU2tpp,0.0006963201882254249
FE2t3pp,0.0
MN2t3pp,0.0
ETHAt2pp,0.0
FE3abcpp,0.007668361113771675
THRA,0.0
CLt3_2pp,0.0025559566852703364
EX_ppal_e,0.0
POR5,0.02888010078273179
HACD8,0.0
CTECOAI8,0.0
CTECOAI6,0.0
MTHTHFSs,0.0
SELGTHR,0.0
SELGTHR3,0.0
EX_slnt_e,0.0
MALCOAMT,1.964231842666925e-06
OGMEACPS,1.964231842666925e-06
OGMEACPR,1.964231842666925e-06
OPMEACPS,1.964231842666925e-06
LIPAabctex,0.0
DGUNC,0.0
CDGUNPD,0.0
LDGUNPD,0.0
MOADSUx,0.0
CMtpp,0.0
FUSAtpp,0.0
MINCYCtpp,0.0
DOXRBCNtpp,0.0
ETOHtrpp,0.0
ACPPAT141,0.0
ACPPAT161,0.0
ACPPAT180,0.0
ICYSDS,0.0012934466683960366
I4FE4SR,0.0002553501395467002
S2FE2ST,0.0
BMOCOS,0.0
BWCOS,0.0
DHNPTE,0.0
DHMPTR,0.0
NOVBCNtpp,0.0
LALALGLUtex,0.0
LALADGLUtpp,0.0
I2FE2SS,0.00028088515350137023
I2FE2ST,2.7499245797336947e-05
I2FE2SS2,0.0002553501395467002
I4FE4ST,0.0002553501395467002
S4FE4ST,0.0
S2FE2SS2,0.0
BTS5,1.964231842666925e-06
5MTRtex,0.0
LALADGLUtex,0.0
LALALGLUtpp,0.0
3HPPtex,0.0
EX_LalaDglu_e,0.0
CCGS,0.0
CDGR,0.0
MSAR,0.0
EX_LalaLglu_e,0.0
ACPPAT120,0.0
CPH4S,0.0
EX_ttrcyc_e,0.0
EX_mincyc_e,0.0
DM_4crsol_c,0.00021901185045736213
ACPPAT160,0.0
ACPPAT181,0.0
GTHPi,0.0
EX_doxrbcn_e,0.0
EX_fusa_e,0.0
EX_cm_e,0.0
EX_novbcn_e,0.0
I2FE2SR,1.964231842666925e-06
TYRL,0.00021901185045736213
THZPSN3,0.00021901185045736213
EX_rfamp_e,0.0
QUIN2tex,0.0
EX_quin_e,0.0
FORCT,0.0
DHPTDCs2,0.0
EX_3hpp_e,0.0
OXDHCOAT,0.0
HADPCOADH3,0.0
O16A4COLIPAabctex,0.0
COLIPAabctex,0.0
ENLIPAabctex,0.0
DM_mththf_c,0.0
MPTS,0.0
MOCOS,0.0
S2FE2SR,0.0
ACACT8r,0.0
CTECOAI7,-0.14773773381435026
CLIPAabctex,0.0
K2L4Aabctex,0.019108047365463846
FDH4pp,0.0
FDH5pp,0.0
ACPPAT140,0.0
OPMEACPD,1.964231842666925e-06
EPMEACPR,1.964231842666925e-06
AOXSr2,1.964231842666925e-06
MEOHtrpp,0.0
SCYSDS,0.0
S2FE2SS,0.0
SELtex,0.0
SELR,0.0
OGMEACPD,1.964231842666925e-06
EGMEACPR,1.964231842666925e-06
OPMEACPR,1.964231842666925e-06
PMEACPE,1.964231842666925e-06
EX_5mtr_e,0.0
MECDPDH5,0.0023462749360656362
RNTR1c2,0.0
RNTR2c2,0.0
RNTR3c2,0.026533825846666154
RNTR4c2,0.0
FLDR2,0.0
5MTRtpp,0.0
TTRCYCtpp,0.0
DHACOAH,0.0
THFAT,0.0
SLNTtex,0.0
SELGTHR2,0.0
GDPTPDP,0.0
3HPPtpp,0.0
MPTSS,0.0
CPMPS,0.0
LIPOCT,0.0
LIPOS,0.0
ALDD19xr,0.0
WCOS,0.0
RFAMPtpp,0.0
ACOLIPAabctex,0.0
ECA4COLIPAabctex,0.0
COLIPAPabctex,0.0
CH4tex,0.0
TARTRDtex,0.0
3OXCOAT,0.0
BTNt2ipp,0.0
BTNtex,0.0
2DGULRGx,0.0
2DGULRGy,0.0
AP4AS,0.0
ARBTptspp,0.0
ARBTtex,0.0
EX_arbt_e,0.0
DMSOtpp,0.0
PYDXtex,0.0
PYDXtpp,0.0
SUCASPtpp,0.0
SUCMALtpp,0.0
PYDXNtex,0.0
PYDXNtpp,0.0
PYDAMtex,0.0
PYDAMtpp,0.0
TARTt2_3pp,0.0
SUCTARTtpp,0.0
APCS,0.0
CHTBSptspp,0.0
CHTBStex,0.0
GHBDHx,0.0
APPLDHr,0.0
SPMDt3pp,0.0
G2PP,0.0
CITt3pp,0.0
DHNPA2r,0.000657035551372062
QUIN2tpp,0.0
GLYC2Pabcpp,0.0
CRNDtex,0.0
SHGO,0.0
NADHXD,0.0
NADPHHR,0.0
NADPHHS,0.0
NADHHS,0.0
NADHXE,0.0
SELabcpp,0.0
PYK2,5.242321851697238
PYK3,0.6827992763996882
PYK4,0.17776592810912079
NADPHXD,0.0
NADHHR,0.0
NADPHXE,0.0
DHBSZ3FEabcpp,0.0
FE3DHBZS3R,0.0
DXYLONtpp,-0.000657035551372062
DXYLTD,-0.000657035551372062
2DDARAA,-0.000657035551372062
2DGLCptspp,0.0
ACOAD1fr,0.3495154140841533
23DOGULNt4pp,0.0
FE3DCITexs,0.0
FEENTERES,0.0
FEENTERR4,0.0
DXYLONtex,-0.000657035551372062
PSURItex,0.0
ALR2x,0.0
OMPHHXy,0.0
CHLt3pp,0.0
AI2tpp,0.0
Ftpp,0.0
DHPStr,0.0
SQtr,0.0
DHPStex,0.0
FMNtex,0.0
EX_dxylnt_e,0.000657035551372062
CLBtex,0.0
ACOXT,0.0
EX_mththf_e,0.0
2HESR,0.0
CHOLID,0.0
CHOLATEtpp,0.0
4ABZGLUtr,0.0
CYSItpp,0.0
DHPTDNR,0.0
DHPTDNRN,0.0
PCNO,0.0
PUACGAMtr,0.0
5DGLCNR,0.0
PIt2rpp,0.9473549104137086
LEUt2rpp,0.0
LCTStpp,0.0
ILEt3pp,0.0
METt3pp,0.0
GSNt3pp,0.0
CLtipp,0.0
5DKGR,0.0
PYK6,0.025698045197611378
FADt,0.0
FADtex,0.0
AI2abcpp,0.0
4HBZt3pp,0.0
LKDRA,0.0
2DGLCtex,0.0
3SLAR,0.0
SQtex,0.0
EX_dhps_e,0.0
URATEtex,0.0
EX_cs1_e,0.0
CBL1tonex,0.0
CBItonex,0.0
ARHGDx,0.0
EX_mepn_e,0.0
CH4t2pp,0.0
Ftex,0.0
CYSItex,0.0
SERtpp,0.005111913370540673
PNSPA,0.0
EX_sq_e,0.0
URATEtpp,0.0
CS1tex,0.0
ADOCBLtonex,0.0
MEPNtex,0.0
UDPGPT,0.0
MEPNabcpp,0.0
OMMBLHXy,0.0
OPHHXy,0.0
PROD3,0.0
ACP1p,0.0
EX_4abzglu_e,0.0
3HPADHi,0.0
4ABZGLUtex,0.0
EX_metglcur_e,0.0
SLNTabcpp,0.0
VALt2rpp,0.0
MN2tipp,0.0
PSURItpp,0.0
CYSTA,0.0
FE3DCITR5,0.0
METGLCURt2pp,0.0
METGLCURtex,0.0
FMNt,0.0
AI2tex,0.0
CUt2pp,0.0
RHMND,0.0
CXSAMS,0.0
EX_2dglc_e,0.0
AMPNTAT,0.0
ASPtpp,0.0
FUMt1pp,0.0
QUINDH,0.0
LCARSyi,3.6161195543448623
BIOMASS_Av_DJ_core,0.9821159213334625
12PPDt,0.0
13PPDH,0.0
2DGLCNRx,0.0
2DGLCNRy,0.0
2INSD,0.0
3OADPCOAT,0.0
ABTpp2,0.0
ADCYRS,0.0
ALATRS,0.0
ALDD2x,0.0
ALLTN,0.0
AOXSr,0.0
APTNAT,0.0
ARAT,0.0
ARD1,0.0
ARGTRS,0.0
ASPTRS,0.0
BTS4,0.0
BZ12DOX,0.0
BZDIOLDH,0.0
CMCMSAD,0.0
CYRDAAT,0.0
CYSTGL,0.0
CYSTRS,0.0
D5KGK,0.0
DHEDAA,0.0
DHPACCOAHIT,0.0
DKDID,0.0
FDH4pp_1,0.0
FDH5pp_1,0.0
FLDR,0.051396090395222756
FMETTRS,0.0
GLA,0.0
GLCOAS,0.0
GLNTRS,0.0
GLUN,0.0
GLYTRS,0.0
HACD8i,0.0
HADPCOADH,0.0
HISDr,0.0
HISTRS,0.0
HPACt2r,0.0
ILETRS,0.0
INS2D,0.0
IZPN,0.0
LCARR,0.0
LEUTRS,0.0
LYSTRS,0.0
MACPT,0.0
MECDPDH2,0.0
METTRS,0.0
MMSAD3,0.0
MTRI,0.0
NACODA,0.0
NADHNQR,0.0
OHEDH,0.0
OMMBLHX,0.0
OMPHHX,0.0
OPHHX,0.0002190118504573621
OXOAEL,0.0
OXPTNDH,0.0
PHETRS,0.0
PPRDNDH,0.0
PROD2,2.1467973712836064
PROTRS,0.0
RNTR1c,0.025698045197611378
RNTR2c,0.0
RNTR3c,0.0
RNTR4c,0.025698045197611378
Rbtt2,0.0
SERTRS,0.0
SERTRS2,0.0
THRTRS,0.0
THZPSN,0.0
TRPTA,0.0
URCN,0.0
UREA,0.0
URIDK2r,-0.025698045197611378
VALTRS,0.0
ilvg,0.0
3HOPCD,0.0
3MBt2pp,0.0
3MBt4pp,0.0
3MMD,0.0
4HBZR,0.0
ACBIPGT,0.0
ADK2,0.0
ADOCBIK,0.0
AHCi,0.000439987932757388
ALAD_L,0.0
ALCD1,1.964231842666925e-06
ALCD3ir,0.0
ALCD4,0.0
APSR,0.1546641626354943
ASPO2,0.002237260068799351
BUTt4pp,0.0
BZDH,0.0
CBPAH,0.0
CD2t4pp,0.0
COBALTt4pp,0.19170215303284255
CPC3MT,0.0
CPPPGOAN2,0.0
CRO4abcpp,0.0
CTPS1,0.15765415827205406
CYOO2pp,82.46412209822685
CYTBCYTC,0.0
DHNAOT4,0.0
DLTO,0.0
DPLPTAT,0.0
FA100ACPHi,0.0
FA120ACPHi,0.0
FA140ACPHi,0.0
FA141ACPHi,0.0
FA160ACPHi,0.0
FA161ACPHi,0.0
FA80ACPHi,0.0
FADMQOR,0.0
FE2t4pp,0.0
FOLR2,0.0
G3PD1ir,0.1365416123111486
GCCa,0.0
GCCc,0.0
GLUSx,0.0
GLUTCOADHc,0.0
GM1LIPAabctex,0.0
GM2LIPAabctex,0.0
GMHEPPA,0.0
GUAPRT,0.0
HCITS,0.0
HMGL,0.0
HMPK2,0.0
HMPK3,0.0
HMPK4,0.0
HSERTA,0.0
HVCD,0.0
HXPRT,0.0
HYD4pp,0.0
KAS15,0.0
LCYSTabcpp,0.0
LPADSSN,0.0
LPD5,0.0
MAN6PI,0.0
MBCOAi,0.0
MCCC,0.0
MCSNAH,0.0
MECDPDH4,0.0
MGCH,0.0
MOAT2N,0.0
MOATN,0.0
MOTH1,0.0
MOTH2,0.0
MOTH3,0.0
MOTH4,0.0
MTI,0.0
NADFADOR,0.0
NAD_H2,-5.135289070396051
NAMNPP,0.0
NH4t4pp,0.0
NI2t4pp,0.0
NIT1b,5.135289070396051
OBDHc,0.0
OCOAT1,0.0
OGCOAAT,0.0
OIVD1r,0.0
OIVD2,0.0
OIVD3,0.0
ORNTAC,0.3938220096476913
PBUTT,0.0
PC,0.0
PEPCK_re,0.0
PHEPS,0.0
PPAt2pp,0.0
PPCCYTC1pp,0.0
PPDK,0.0
PPNCL,0.000661946130978816
PSSA120,0.0
PSSA140,0.0
PSSA141,0.0
PSSA180,0.0
PSSA181,0.0
PYRt4pp,0.0
SELCYSLY3,0.0
SO3abcpp,0.0
SSCOARy,0.0
STPT1,0.42925270075748817
STPT2,0.0
SUCOAACTr,0.19288025736642075
TYRTRS,0.0
U23GAATN,0.0
UACGAMOAT,0.0
UAGAATN,0.0
VCACT,0.0
VCOAD,0.0
VECOAH,0.0
VNDH_2,0.0
ZN2t4pp,0.0
ACOAD1z,0.0
ANS2,0.07109858328810102
ATPS4r,0.0
BTDD_RR,0.0
CODH_ACS,0.0
CYSTS,0.0
DHPPDA,0.0
FE2abc,0.0
FRUpts,0.0
GK2,0.0
GLCNt2r,1.2254570502300406
GLYCt,0.0
GTPCII,0.0
ME1,16.467941492327114
NH4t,0.0
PGMT,0.0
PIabc,0.0
RIBabc,0.0
RNF,0.0
SPMDabc,0.0
UDCPDPex,0.0
XPPT,0.0
HSDxi,0.5304790907381759
PRDX,0.0
ARD,0.0
FNOR,0.0
MMTSAO,0.0
NABTNO,0.0
GLYALDDr,0.0
IMACTD,0.0
ALDD32,0.0
ALDD20x,0.0
ALDD16,0.0
ALDD20x_1,0.0
4M2OPLOXRD,0.0
3M2OPLOXRD,0.0
FRD,0.0
ASPO1,0.0
MTHFR3_1,0.1016663779134451
THPAT,0.0
PDHbr,0.0
MACCOAT,0.0
UAGPT2,0.0
PYNP2r,0.0
SELMETAT,0.0
ORNTA_1,0.0
NADK1,0.0
NADK4,0.0
NDPK9,0.0
NDPK10,0.0
PAPPT1,0.0
ADOCBLS,0.0
LPLIPAL2A120,0.0
LPLIPAL2A140,0.0
LPLIPAL2A180,0.0
LPLIPAL2E180,0.0
LPLIPAL2A160,0.0
LPLIPAL2E160,0.0
LPLIPAL2A141,0.0
PGPP_HP,0.0
BPNT2,0.0
RZ5PP,0.0
23DK5MPPISO,0.0
ENOPH,0.0
GPDDA2,0.0
GPDDA3,0.0
GPDDA1,0.0
GPDDA4,0.0
CMPN,0.0
MG2abc,0.0
Cuabc,0.0
UPPDC2,0.0
PSD_HP,0.0
MDRPD,0.0
ECOAH12,0.0
AROH,0.0
UAG4Ei,0.0
LYSAM,0.0
ASPTRS_Asn,0.0
GLUTRS_Gln,0.0
UGLDDS1,0.0
PPNCL3,0.0
ASNTRAT,0.0
HIBD,0.0
MMSAD1,0.0
34DHALDD,0.0
5HOXINDACTOX,0.0
3M2OBLOXRD,0.0
SUCD1,0.0
PYDXO_1,0.0
DHFOR,0.0
THFOR1,0.0
THFOR2,0.0
FOLD3,0.0
UDPACGLP,0.0
ECOAH9ir,0.0
HPHL,0.0
PPM,0.0
TRPTRS,0.0
PBAL,0.0
10FTHFGLULL,0.0
THFGLUS,0.0
PRFGCL,0.0
PDHcr,0.0
SPRMS,0.0
SEAHCYSHYD_1,0.0
F6PA,0.0
EX_n2_e,-5.135289070396051
N2tr,5.135289070396051
FFSD,0.0
HEX7,0.0
M1PD,0.0
PFK_3,0.0
PGL,0.0
FBA3,0.0
GLUDC,0.0
HCYSMT,0.0
TYRPpp,0.0
GLUDxi,0.0
NH3c,0.0
LLEUDr,-0.6025524512756355
HEMEAS,0.0
AGMDA,0.0
ADCPS2,0.0
ADCPS1,0.0
XYLUR2,0.0
METAMIN,0.0
SMETRAN,0.0
EX_bz_e,0.0
EX_phenol_e,0.0
EX_raffin_e,0.0
EX_acon_C_e,0.0
MCITD,0.0
UGLT,0.0
GALKr,0.0
RMI,0.0
RMPA,0.0
RMK,0.0
SBTPD,0.0
4OD,0.0
4OT,0.0
BZtex,0.0
BZt1pp,0.0
CAT23DOX,0.0
HMSD,0.0
PHENOLtex,0.0
PHENOLt2pp,0.0
PHE2MON,0.0
RAFFtex,0.0
RAFHpp,0.0
GDPmann,0.0
POLMANN,0.0
POLMANNtpp,0.0
ALGSTH,0.0
ALGtex,0.0
EX_alg_e,0.0
PHBS_syn,0.0
SK_phbg_c,0.0
DM_PHB_c,0.0
BIOMASS_Az_DJ_core_75p37M,0.0
AACOAR_syn,0.0
EX_2obut_e,0.0
2OBUTtex,0.0
2OBUTt2ipp,0.0
EX_2hb_e,0.0
2HBO,0.0
2HBtex,0.0
2HBtpp,0.0
EX_glx_e,0.0
GLXtex,0.0
GLXtpp,0.0
ACGAMK,0.0
ACM6PH,0.0
AGDC,0.0
G6PDA,0.0
MLTG1,0.0
DDGLK,0.0
GUI1,0.0
MNNH,0.0
PUNP6,0.0
PPM2,0.0
DRPA,0.0
EX_glycogen_e,0.0
GLYCOtex,0.0
GLYCOpp,0.0
EX_abt__D_e,0.0
ABTDtex,0.0
ABTDpp,0.0
ABTDG,0.0
ACNML,0.0
AMANAPEr,0.0
AMANK,0.0
EX_xylt_e,0.0
XYLTtex,0.0
XYLTpp,0.0
EX_srb__L_e,0.0
SRBtex,0.0
SRBpp,0.0
SBTD_D2,0.0
SORD_D,0.0
ACOAD1f,0.0
EX_5aptn_e,0.0
5APTNtex,0.0
5APTNpp,0.0
EX_malon_e,0.0
MALONtex,0.0
MALONpp,0.0
EX_mal__D_e,0.0
FBA,14.123614177327221
GND,0.0
FIX,20.541156281584204
NADH6,46.27910770347098
QCCOR,82.46412209822685
VNIT,0.0
FENIT,0.0
CYTCBB3pp,0.0
NADTRHD,0.0
